﻿<!--    Copyright 2020. Huawei Technologies Co., Ltd. All rights reserved.

        Licensed under the Apache License, Version 2.0 (the "License");
        you may not use this file except in compliance with the License.
        You may obtain a copy of the License at

        http://www.apache.org/licenses/LICENSE-2.0

        Unless required by applicable law or agreed to in writing, software
        distributed under the License is distributed on an "AS IS" BASIS,
        WITHOUT WARRANTIES OR CONDITIONS OF ANY KIND, either express or implied.
        See the License for the specific language governing permissions and
        limitations under the License. 
-->
<metadata>
  <!--
  This sample removes the class: android.support.v4.content.AsyncTaskLoader.LoadTask:
  <remove-node path="/api/package[@name='android.support.v4.content']/class[@name='AsyncTaskLoader.LoadTask']" />
  
  This sample removes the method: android.support.v4.content.CursorLoader.loadInBackground:
  <remove-node path="/api/package[@name='android.support.v4.content']/class[@name='CursorLoader']/method[@name='loadInBackground']" />
  -->

	<attr path="/api/package[@name='com.huawei.hms.opendevice']/class[@name='OpenDeviceHmsClientBuilder']/method[@name='buildClient' and count(parameter)=4 and parameter[1][@type='android.content.Context'] and parameter[2][@type='com.huawei.hms.common.internal.ClientSettings'] and parameter[3][@type='com.huawei.hms.common.internal.BaseHmsClient.OnConnectionFailedListener'] and parameter[4][@type='com.huawei.hms.common.internal.BaseHmsClient.ConnectionCallbacks']]"
		  name="managedReturn">Java.Lang.Object</attr>

	<attr path="/api/package[@name='com.huawei.hms.opendevice']/class[@name='OpenDeviceTaskApiCall']/method[@name='doExecute' and count(parameter)=4 and parameter[1][@type='com.huawei.hms.opendevice.OpenDeviceHmsClient'] and parameter[2][@type='com.huawei.hms.common.internal.ResponseErrorCode'] and parameter[3][@type='java.lang.String'] and parameter[4][@type='com.huawei.hmf.tasks.TaskCompletionSource&lt;com.huawei.hms.support.api.opendevice.OdidResult&gt;']]/
        parameter[1]"
        name="managedType">Java.Lang.Object</attr>

	<!--<remove-node path="/api/package[@name='com.huawei.hms.opendevice']/class[@name='OpenDeviceTaskApiCall']"/>-->
	
	<!--<attr path="/api/package[@name='com.huawei.hms.opendevice']/class[@name='OpenDeviceTaskApiCall']/method[@name='doExecute' and count(parameter)=4 and parameter[1][@type='com.huawei.hms.opendevice.OpenDeviceHmsClient'] and parameter[2][@type='com.huawei.hms.common.internal.ResponseErrorCode'] and parameter[3][@type='java.lang.String'] and parameter[4][@type='com.huawei.hmf.tasks.TaskCompletionSource&lt;com.huawei.hms.support.api.opendevice.OdidResult&gt;']]"
		  name="final">true</attr>

	<attr path="/api/package[@name='com.huawei.hms.opendevice']/class[@name='OpenDeviceTaskApiCall']/method[@name='doExecute' and count(parameter)=4 and parameter[1][@type='com.huawei.hms.opendevice.OpenDeviceHmsClient'] and parameter[2][@type='com.huawei.hms.common.internal.ResponseErrorCode'] and parameter[3][@type='java.lang.String'] and parameter[4][@type='com.huawei.hmf.tasks.TaskCompletionSource&lt;com.huawei.hms.support.api.opendevice.OdidResult&gt;']]"
	  name="override">true</attr>-->
</metadata>
